<?xml version="1.0" encoding="UTF-8"?>
<!DOCTYPE configuration PUBLIC "-//mybatis.org//DTD Config 3.0//EN" "http://mybatis.org/dtd/mybatis-3-config.dtd" >
<configuration>
	<settings>
		<setting name="jdbcTypeForNull" value="NULL" />
	</settings>

	<!-- VO 클래스 이름 별칭 설정 -->
	<typeAliases>
		<package name="sugang.vo"/>
	</typeAliases>
	
	
	<!-- 환경설정 : DB 연결관련 설정 -->
	<environments default="local">
		<environment id="local">
			<transactionManager type="JDBC" />
			<dataSource type="POOLED">
				<property name="driver" value="oracle.jdbc.driver.OracleDriver" />
				<property name="url" value="jdbc:oracle:thin:@127.0.0.1:1521:XE" />
				<property name="username" value="scot" />
				<property name="password" value="tiger" />
				<property name="poolMaximumActiveConnections" value="100" />
			</dataSource>
		</environment>
	</environments>

	<!-- Mapper 등록 -->
	<mappers>
		<mapper resource="sugang/config/mapper/studentMapper.xml" />
		<mapper resource="sugang/config/mapper/enrollmentMapper.xml"/>
		<mapper resource="sugang/config/mapper/subjectMapper.xml"/>
	</mappers>

</configuration>